model,r2_val,r2_test,rmse_test,mbe_test,train_time_s
rf_base,0.9862901516106092,0.9680158827405589,0.0016070247044306849,0.0008287101005901922,0.424269
rf_random,0.9869226437953427,0.9790017749569845,0.0013021069638069558,0.0005296264875661786,246.450488
xgb_base,0.9844815157430417,0.9800049511308667,0.0012706226816956577,0.0006679447123319984,0.199023
xgb_random,0.9850897193143053,0.9804095814324724,0.0012577004787627977,0.0004824017735280549,9.831887
lgbm_base,0.9856516476983282,0.9751894167631733,0.0014153826102194652,0.0007367502017616659,0.889139
lgbm_random,0.9845596164596702,0.9805034327546807,0.001254684245057762,0.0004422731303666452,5.529633
catboost_base,0.9876114723614605,0.9827060867286194,0.0011816857733645864,0.0005055082121707233,1.202018
catboost_random,0.9877333980321132,0.983046068568574,0.0011700127106720492,0.0005207300264362449,475.161391
cb_best,0.9875228059506704,0.9853036755188727,0.0010893306785881355,0.0003498998739792589,2.708596
